phase,name,kind,options,num_envs,rollout_steps,mini_batch_size,status,build_s,env_steps_per_s,collect_s,update_s,update_share,frames_per_hour,gradient_steps_per_s,peak_used_gb,physx_errors,metrics_finite,losses_ok,loss_critic,loss_objective,entropy,kl_approx
A,A_n4096,env,,4096,,,ok,40.3,63326.0,,,,,,13.37,0,,,,,,
A,A_n8192,env,,8192,,,ok,66.2,76212.1,,,,,,20.35,0,,,,,,
A,A_n16384,env,,16384,,,ok,143.2,86178.6,,,,,,36.11,0,,,,,,
A,A_n32768,env,,32768,,,ok,298.4,89949.1,,,,,,65.9,0,,,,,,
X,X_n4096_raw,raw,,4096,,,ok,34.4,66133.5,,,,,,13.78,0,,,,,,
X,X_n4096_wrapper,wrapper,,4096,,,ok,34.3,60515.5,,,,,,14.03,0,,,,,,
X,X_n4096_policy,policy,,4096,,,ok,34.9,66091.4,,,,,,14.3,0,,,,,,
X,X_n32768_raw,raw,,32768,,,ok,301.8,91437.9,,,,,,63.9,0,,,,,,
X,X_n32768_policy,policy,,32768,,,ok,298.2,89631.4,,,,,,64.49,0,,,,,,
B,B_n32768_r16_m32768,,,32768,16,32768,ok,,94579.2,5.547,1.481,0.211,268689424,43.23,69.95,0,True,,0.00194,-0.00677,4.64027,0.00644
B,B_n32768_r16_m131072,,,32768,16,131072,ok,,95331.3,5.5,1.393,0.202,273850100,11.49,69.25,0,True,,0.0043,-0.00112,4.67596,0.00154
B,B_n32768_r32_m32768,,,32768,32,32768,ok,,87290.0,12.067,2.982,0.198,251573467,42.92,79.64,0,True,,0.00106,-0.00926,4.63212,0.00749
B,B_n32768_r32_m131072,,,32768,32,131072,ok,,90543.4,11.594,2.804,0.195,262387666,11.41,78.03,0,True,,0.00221,-0.00233,4.66765,0.0035
B,B_n16384_r16_m32768,,,16384,16,32768,ok,,91940.6,2.852,0.74,0.206,262764711,43.24,39.95,0,True,,0.00172,-0.005,4.64959,0.00513
B,B_n16384_r16_m131072,,,16384,16,131072,ok,,91272.3,2.872,0.703,0.197,263986344,11.38,41.0,0,True,,0.00467,-0.00061,4.68318,0.00041
B,B_n16384_r32_m32768,,,16384,32,32768,ok,,88995.3,5.891,1.481,0.201,256024191,43.22,43.99,0,True,,0.00099,-0.00591,4.64485,0.00582
B,B_n16384_r32_m131072,,,16384,32,131072,ok,,88674.7,5.929,1.396,0.191,258133674,11.46,44.03,0,True,,0.00248,-0.00155,4.66159,0.00243
C,C_baseline,,,32768,16,131072,ok,,93131.5,5.632,1.397,0.199,268612562,11.46,70.52,0,True,True,0.00301,-0.00097,4.65882,0.00163
C,C_compile,,compile.compile=true,32768,16,131072,ok,,93072.9,5.635,2.147,0.276,250828966,10.56,75.97,0,True,True,0.00301,-0.00097,4.65814,0.00174
C,C_compile_cudagraphs,,compile.compile=true compile.cudagraphs=true,32768,16,131072,ok,,93024.2,5.638,2.072,0.269,252068195,10.7,71.76,0,True,True,0.00414,-0.00093,4.66087,0.00156
C,C_shifted_gae,,loss.shifted_gae=true,32768,16,131072,ok,,93192.1,5.628,1.157,0.171,278238444,13.83,67.77,0,True,True,0.00301,-0.00096,4.65872,0.00164
C,C_matmul_high,,optim.matmul_precision=high,32768,16,131072,ok,,92937.5,5.644,1.298,0.187,271977230,12.33,70.83,0,True,True,0.00301,-0.00097,4.65832,0.00167
