phase,name,num_envs,image,frame_stack,rollout_steps,mini_batch_size,status,build_s,env_steps_per_s,collect_s,update_s,update_share,frames_per_hour,gradient_steps_per_s,peak_used_gb,physx_errors,eval_batches
A,A_n128_i84,128,84,3,,,ok,13.7,1726.2,,,,,,15.08,0,
A,A_n256_i84,256,84,3,,,ok,8.3,2671.2,,,,,,17.37,0,
A,A_n512_i84,512,84,3,,,ok,11.5,3630.9,,,,,,21.41,0,
A,A_n1024_i84,1024,84,3,,,ok,18.1,4622.1,,,,,,30.4,0,
A,A_n2048_i84,2048,84,3,,,ok,33.3,5195.3,,,,,,49.23,0,
A,A_n128_i128,128,128,3,,,ok,8.3,1311.4,,,,,,18.1,0,
A,A_n256_i128,256,128,3,,,ok,9.1,1839.0,,,,,,23.26,0,
A,A_n512_i128,512,128,3,,,ok,12.7,2302.4,,,,,,33.07,0,
A,A_n1024_i128,1024,128,3,,,ok,20.4,2636.5,,,,,,51.23,0,
A,A_n2048_i128,2048,128,3,,,ok,40.1,2771.3,,,,,,89.43,0,
B,B_n2048_i84,2048,84,3,,,skipped_memory,,,,,,,,111.2,,
B,B_n1024_i84_r16_m4096,1024,84,3,16,4096,ok,,4121.3,3.975,8.769,0.688,4628280,1.82,111.73,0,32
B,B_n1024_i84_r16_m16384,1024,84,3,16,16384,ok,,4083.5,4.012,8.995,0.692,4535527,0.44,117.85,0,32
B,B_n1024_i84,1024,84,3,,,skipped_memory,,,,,,,,111.8,,
B,B_n512_i84_r16_m4096,512,84,3,16,4096,ok,,3527.9,2.322,4.322,0.65,4438733,1.85,62.1,0,32
B,B_n512_i84_r16_m16384,512,84,3,16,16384,ok,,3372.5,2.433,4.328,0.64,4363207,0.92,66.06,0,32
B,B_n2048_i128,2048,128,3,,,skipped_memory,,,,,,,,467.4,,
B,B_n256_i84_r16_m4096,256,84,3,16,4096,ok,,2531.8,1.618,2.036,0.557,4035365,1.97,40.33,0,32
B,B_n256_i84_r16_m16384,256,84,3,16,16384,ok,,2554.9,1.606,2.037,0.559,4047841,1.96,40.04,0,32
B,B_n256_i84_r32_m4096,256,84,3,32,4096,ok,,2470.1,3.325,4.164,0.556,3938219,1.92,61.38,0,16
B,B_n256_i84_r32_m16384,256,84,3,32,16384,ok,,2447.6,3.349,4.077,0.549,3971135,0.98,59.94,0,16
B,B_n1024_i128,1024,128,3,,,skipped_memory,,,,,,,,240.2,,
B,B_n512_i128,512,128,3,,,skipped_memory,,,,,,,,127.6,,
B,B_n256_i128_r16_m4096,256,128,3,16,4096,ok,,1649.7,2.491,4.893,0.663,1997273,0.82,70.5,0,32
B,B_n256_i128_r16_m16384,256,128,3,16,16384,ok,,1713.1,2.392,4.892,0.672,2024870,0.82,70.73,0,32
B,B_n128_i84_r16_m4096,128,84,3,16,4096,ok,,1733.9,1.181,1.04,0.468,3319342,3.85,26.38,0,32
B,B_n128_i84_r16_m16384,128,84,3,16,16384,ok,,1629.2,1.271,1.026,0.447,3218609,3.9,26.51,0,32
B,B_n128_i84_r32_m4096,128,84,3,32,4096,ok,,1706.0,2.401,2.049,0.46,3313141,1.95,37.26,0,16
B,B_n128_i84_r32_m16384,128,84,3,32,16384,ok,,1675.4,2.445,2.061,0.457,3272507,1.94,37.41,0,16
